{
  "episode": 101,
  "seed": 143,
  "total_reward": -3208.9048342857145,
  "mean_daily_failures": 948.2857142857143,
  "total_failures": 6638,
  "total_invalid_actions": 1158,
  "epsilon": 0.0
}