{
  "episode": 25,
  "seed": 67,
  "total_reward": -3149.9446342857145,
  "mean_daily_failures": 817.2857142857143,
  "total_failures": 5721,
  "total_invalid_actions": 924,
  "epsilon": 0.0
}