{
  "episode": 110,
  "seed": 152,
  "total_reward": -3000.109474285714,
  "mean_daily_failures": 899.2857142857143,
  "total_failures": 6295,
  "total_invalid_actions": 990,
  "epsilon": 0.0
}