{
  "episode": 23,
  "seed": 65,
  "total_reward": -11159.380782857143,
  "mean_daily_failures": 868.8571428571429,
  "total_failures": 6082,
  "total_invalid_actions": 9401,
  "epsilon": 0.0
}