{
  "episode": 23,
  "seed": 65,
  "total_reward": -12382.481262857144,
  "mean_daily_failures": 864.8571428571429,
  "total_failures": 6054,
  "total_invalid_actions": 10874,
  "epsilon": 0.0
}