{
  "episode": 122,
  "seed": 164,
  "total_reward": -3336.042097142857,
  "mean_daily_failures": 1117.142857142857,
  "total_failures": 7820,
  "total_invalid_actions": 1607,
  "epsilon": 0.0
}