{
  "episode": 122,
  "seed": 164,
  "total_reward": -3828.3093085714286,
  "mean_daily_failures": 1341.5714285714287,
  "total_failures": 9391,
  "total_invalid_actions": 2543,
  "epsilon": 0.0
}