{
  "episode": 11,
  "seed": 53,
  "total_reward": -12143.597097142858,
  "mean_daily_failures": 771.1428571428571,
  "total_failures": 5398,
  "total_invalid_actions": 9693,
  "epsilon": 0.0
}