{
  "episode": 93,
  "seed": 135,
  "total_reward": -2212.5756057142858,
  "mean_daily_failures": 788.7142857142857,
  "total_failures": 5521,
  "total_invalid_actions": 494,
  "epsilon": 0.0
}