{
  "episode": 0,
  "seed": 42,
  "total_reward": -10232.670942857143,
  "mean_daily_failures": 967.8571428571429,
  "total_failures": 6775,
  "total_invalid_actions": 7762,
  "epsilon": 0.0
}