{
  "episode": 10,
  "seed": 52,
  "total_reward": -3899.1051085714284,
  "mean_daily_failures": 906.5714285714286,
  "total_failures": 6346,
  "total_invalid_actions": 2283,
  "epsilon": 0.0
}