episode,total_reward,mean_daily_failures,total_failures,total_invalid_actions,epsilon
0,-23316.202217142858,92296.14285714286,646073,9322,0.0
1,-24384.801,92151.0,645057,10339,0.0
