{
  "episode": 5,
  "seed": 47,
  "total_reward": -8691.621725714285,
  "mean_daily_failures": 1048.7142857142858,
  "total_failures": 7341,
  "total_invalid_actions": 6669,
  "epsilon": 0.0
}