{
  "episode": 106,
  "seed": 148,
  "total_reward": -4686.258885714286,
  "mean_daily_failures": 913.7142857142857,
  "total_failures": 6396,
  "total_invalid_actions": 2807,
  "epsilon": 0.0
}