{
  "episode": 33,
  "seed": 75,
  "total_reward": -2084.634674285714,
  "mean_daily_failures": 883.2857142857143,
  "total_failures": 6183,
  "total_invalid_actions": 630,
  "epsilon": 0.0
}