{
  "episode": 100,
  "seed": 142,
  "total_reward": -4971.597297142857,
  "mean_daily_failures": 1030.142857142857,
  "total_failures": 7211,
  "total_invalid_actions": 3376,
  "epsilon": 0.0
}