{
  "episode": 118,
  "seed": 160,
  "total_reward": -3592.1713085714287,
  "mean_daily_failures": 1049.5714285714287,
  "total_failures": 7347,
  "total_invalid_actions": 1678,
  "epsilon": 0.0
}