{
  "episode": 26,
  "seed": 68,
  "total_reward": -2362.9306514285713,
  "mean_daily_failures": 881.4285714285714,
  "total_failures": 6170,
  "total_invalid_actions": 880,
  "epsilon": 0.0
}