{
  "episode": 87,
  "seed": 129,
  "total_reward": -3697.1525942857143,
  "mean_daily_failures": 1159.2857142857142,
  "total_failures": 8115,
  "total_invalid_actions": 2180,
  "epsilon": 0.0
}