{
  "episode": 86,
  "seed": 128,
  "total_reward": -4147.328217142857,
  "mean_daily_failures": 1091.142857142857,
  "total_failures": 7638,
  "total_invalid_actions": 1301,
  "epsilon": 0.0
}