{
  "episode": 59,
  "seed": 101,
  "total_reward": -3238.619068571429,
  "mean_daily_failures": 937.5714285714286,
  "total_failures": 6563,
  "total_invalid_actions": 1426,
  "epsilon": 0.0
}