{
  "episode": 69,
  "seed": 111,
  "total_reward": -2185.9376457142857,
  "mean_daily_failures": 709.7142857142857,
  "total_failures": 4968,
  "total_invalid_actions": 364,
  "epsilon": 0.0
}