{
  "episode": 19,
  "seed": 61,
  "total_reward": -2526.054142857143,
  "mean_daily_failures": 895.8571428571429,
  "total_failures": 6271,
  "total_invalid_actions": 1006,
  "epsilon": 0.0
}