{
  "episode": 19,
  "seed": 61,
  "total_reward": -2680.3494171428574,
  "mean_daily_failures": 824.1428571428571,
  "total_failures": 5769,
  "total_invalid_actions": 963,
  "epsilon": 0.0
}