{
  "episode": 29,
  "seed": 71,
  "total_reward": -2361.5329485714287,
  "mean_daily_failures": 847.5714285714286,
  "total_failures": 5933,
  "total_invalid_actions": 555,
  "epsilon": 0.0
}