{
  "episode": 8,
  "seed": 50,
  "total_reward": -5027.173851428572,
  "mean_daily_failures": 1009.4285714285714,
  "total_failures": 7066,
  "total_invalid_actions": 3454,
  "epsilon": 0.0
}