{
  "episode": 46,
  "seed": 88,
  "total_reward": -2138.1324171428573,
  "mean_daily_failures": 794.1428571428571,
  "total_failures": 5559,
  "total_invalid_actions": 337,
  "epsilon": 0.0
}