{
  "episode": 47,
  "seed": 89,
  "total_reward": -13248.804354285714,
  "mean_daily_failures": 922.2857142857143,
  "total_failures": 6456,
  "total_invalid_actions": 12063,
  "epsilon": 0.0
}