{
  "episode": 68,
  "seed": 110,
  "total_reward": -3944.2564685714283,
  "mean_daily_failures": 800.5714285714286,
  "total_failures": 5604,
  "total_invalid_actions": 904,
  "epsilon": 0.0
}