{
  "episode": 53,
  "seed": 95,
  "total_reward": -2124.5609142857143,
  "mean_daily_failures": 889.2857142857143,
  "total_failures": 6225,
  "total_invalid_actions": 413,
  "epsilon": 0.0
}