{
  "episode": 16,
  "seed": 58,
  "total_reward": -2616.200417142857,
  "mean_daily_failures": 756.1428571428571,
  "total_failures": 5293,
  "total_invalid_actions": 892,
  "epsilon": 0.0
}