{
  "episode": 43,
  "seed": 85,
  "total_reward": -3530.3822914285715,
  "mean_daily_failures": 1009.4285714285714,
  "total_failures": 7066,
  "total_invalid_actions": 1963,
  "epsilon": 0.0
}