{
  "episode": 108,
  "seed": 150,
  "total_reward": -2787.3434685714287,
  "mean_daily_failures": 1130.5714285714287,
  "total_failures": 7914,
  "total_invalid_actions": 1660,
  "epsilon": 0.0
}