{
  "episode": 136,
  "seed": 178,
  "total_reward": -1984.3291771428571,
  "mean_daily_failures": 935.1428571428571,
  "total_failures": 6546,
  "total_invalid_actions": 412,
  "epsilon": 0.0
}