{
  "episode": 63,
  "seed": 105,
  "total_reward": -13637.674371428571,
  "mean_daily_failures": 895.4285714285714,
  "total_failures": 6268,
  "total_invalid_actions": 12547,
  "epsilon": 0.0
}