{
  "episode": 90,
  "seed": 132,
  "total_reward": -2881.3215314285712,
  "mean_daily_failures": 1043.4285714285713,
  "total_failures": 7304,
  "total_invalid_actions": 1648,
  "epsilon": 0.0
}