{
  "episode": 88,
  "seed": 130,
  "total_reward": -4948.114611428572,
  "mean_daily_failures": 999.4285714285714,
  "total_failures": 6996,
  "total_invalid_actions": 3307,
  "epsilon": 0.0
}