{
  "episode": 115,
  "seed": 157,
  "total_reward": -2249.5232742857143,
  "mean_daily_failures": 1059.2857142857142,
  "total_failures": 7415,
  "total_invalid_actions": 854,
  "epsilon": 0.0
}