{
  "episode": 134,
  "seed": 176,
  "total_reward": -5735.185148571429,
  "mean_daily_failures": 1257.5714285714287,
  "total_failures": 8803,
  "total_invalid_actions": 4288,
  "epsilon": 0.0
}