{
  "episode": 134,
  "seed": 176,
  "total_reward": -5647.780977142857,
  "mean_daily_failures": 1220.142857142857,
  "total_failures": 8541,
  "total_invalid_actions": 4053,
  "epsilon": 0.0
}