{
  "episode": 109,
  "seed": 151,
  "total_reward": -3397.6305885714282,
  "mean_daily_failures": 998.5714285714286,
  "total_failures": 6990,
  "total_invalid_actions": 1623,
  "epsilon": 0.0
}