{
  "episode": 121,
  "seed": 163,
  "total_reward": -3961.240577142857,
  "mean_daily_failures": 1343.142857142857,
  "total_failures": 9402,
  "total_invalid_actions": 2683,
  "epsilon": 0.0
}