{
  "episode": 28,
  "seed": 70,
  "total_reward": -2206.9671314285715,
  "mean_daily_failures": 805.4285714285714,
  "total_failures": 5638,
  "total_invalid_actions": 390,
  "epsilon": 0.0
}