{
  "episode": 42,
  "seed": 84,
  "total_reward": -3808.4162285714287,
  "mean_daily_failures": 1033.5714285714287,
  "total_failures": 7235,
  "total_invalid_actions": 2169,
  "epsilon": 0.0
}