{
  "episode": 38,
  "seed": 80,
  "total_reward": -3227.0734171428576,
  "mean_daily_failures": 898.1428571428571,
  "total_failures": 6287,
  "total_invalid_actions": 1526,
  "epsilon": 0.0
}