{
  "episode": 4,
  "seed": 46,
  "total_reward": -7203.230074285714,
  "mean_daily_failures": 1022.2857142857143,
  "total_failures": 7156,
  "total_invalid_actions": 5262,
  "epsilon": 0.0
}