{
  "episode": 61,
  "seed": 103,
  "total_reward": -3190.1113085714287,
  "mean_daily_failures": 927.5714285714286,
  "total_failures": 6493,
  "total_invalid_actions": 1271,
  "epsilon": 0.0
}