{
  "episode": 132,
  "seed": 174,
  "total_reward": -4552.673914285714,
  "mean_daily_failures": 1166.2857142857142,
  "total_failures": 8164,
  "total_invalid_actions": 1718,
  "epsilon": 0.0
}