{
  "episode": 91,
  "seed": 133,
  "total_reward": -4501.967725714286,
  "mean_daily_failures": 937.7142857142857,
  "total_failures": 6564,
  "total_invalid_actions": 2882,
  "epsilon": 0.0
}