{
  "episode": 112,
  "seed": 154,
  "total_reward": -2267.4896857142858,
  "mean_daily_failures": 908.7142857142857,
  "total_failures": 6361,
  "total_invalid_actions": 905,
  "epsilon": 0.0
}