{
  "episode": 112,
  "seed": 154,
  "total_reward": -1994.128805714286,
  "mean_daily_failures": 737.7142857142857,
  "total_failures": 5164,
  "total_invalid_actions": 330,
  "epsilon": 0.0
}