{
  "episode": 2,
  "seed": 44,
  "total_reward": -7611.173468571428,
  "mean_daily_failures": 840.5714285714286,
  "total_failures": 5884,
  "total_invalid_actions": 5733,
  "epsilon": 0.0
}