{
  "episode": 138,
  "seed": 180,
  "total_reward": -3717.7445942857144,
  "mean_daily_failures": 1210.2857142857142,
  "total_failures": 8472,
  "total_invalid_actions": 2164,
  "epsilon": 0.0
}