{
  "episode": 131,
  "seed": 173,
  "total_reward": -2110.997622857143,
  "mean_daily_failures": 1039.857142857143,
  "total_failures": 7279,
  "total_invalid_actions": 624,
  "epsilon": 0.0
}