{
  "episode": 104,
  "seed": 146,
  "total_reward": -5118.585554285714,
  "mean_daily_failures": 1081.2857142857142,
  "total_failures": 7569,
  "total_invalid_actions": 3626,
  "epsilon": 0.0
}