{
  "episode": 139,
  "seed": 181,
  "total_reward": -2683.090474285714,
  "mean_daily_failures": 1244.2857142857142,
  "total_failures": 8710,
  "total_invalid_actions": 1515,
  "epsilon": 0.0
}